Trainer 496,Pokemon 1,Pokemon 2,Pokemon 3,Pokemon 4,Pokemon 5,Pokemon 6
Species,PYUKUMUKU,DACHSBUN,LAIRON,CLODSIRE,MISDREAVUS,PERSIAN
Level,50,50,50,50,50,50
Ability,INNARDS_OUT,WELL_BAKED_BODY,STURDY,POISON_POINT,LEVITATE,LIMBER
Held Item,NONE,NONE,NONE,NONE,NONE,NONE
Move 1,WATER_SPORT,PLAY_ROUGH,IRON_HEAD,EARTHQUAKE,SHADOW_BALL,PLAY_ROUGH
Move 2,SOAK,CRUNCH,IRON_DEFENSE,MEGAHORN,SPITE,NASTY_PLOT
Move 3,HARDEN,BITE,IRON_TAIL,AMNESIA,HEX,POWER_GEM
Move 4,MUD_SPORT,WORK_UP,ROCK_SLIDE,SLUDGE_WAVE,PSYBEAM,SLASH
Optional Move 1,BATON_PASS,GROWL,TACKLE,POISON_STING,GROWL,SWIFT
Optional Move 2,BIDE,TACKLE,HARDEN,TAIL_WHIP,PSYWAVE,SWITCHEROO
Optional Move 3,HELPING_HAND,LICK,METAL_CLAW,TOXIC_SPIKES,ASTONISH,FAKE_OUT
Optional Move 4,TAUNT,TAIL_WHIP,ROCK_TOMB,MUD_SHOT,CONFUSE_RAY,GROWL
Optional Move 5,SAFEGUARD,COVET,MUD_SLAP,POISON_TAIL,MEAN_LOOK,FEINT
Optional Move 6,COUNTER,BABY_DOLL_EYES,HEADBUTT,SLAM,PAIN_SPLIT,SCRATCH
Optional Move 7,PURIFY,BATON_PASS,ROAR,YAWN,PAYBACK,BITE
Optional Move 8,CURSE,ROAR,PROTECT,POISON_JAB,PERISH_SONG,PAY_DAY
Optional Move 9,GASTRO_ACID,DOUBLE_EDGE,METAL_SOUND,TOXIC,GRUDGE,TAUNT
Optional Move 10,PAIN_SPLIT,CHARM,TAKE_DOWN,WATER_PULSE,SCREECH,FEINT_ATTACK
Optional Move 11,RECOVER,TOXIC,AUTOTOMIZE,HIDDEN_POWER,DESTINY_BOND,FURY_SWIPES
Optional Move 12,TOXIC,HIDDEN_POWER,WATER_PULSE,HYPER_BEAM,PSYCH_UP,SCREECH
Optional Move 13,HAIL,SUNNY_DAY,TOXIC,PROTECT,IMPRISON,ASSURANCE
Optional Move 14,LIGHT_SCREEN,HYPER_BEAM,HIDDEN_POWER,RAIN_DANCE,MEMENTO,WATER_PULSE
Optional Move 15,RAIN_DANCE,PROTECT,SUNNY_DAY,FRUSTRATION,SUCKER_PUNCH,ROAR
Optional Move 16,REFLECT,RAIN_DANCE,RAIN_DANCE,RETURN,SHADOW_SNEAK,TOXIC
Optional Move 17,RECYCLE,FRUSTRATION,FRUSTRATION,DIG,CURSE,HIDDEN_POWER
Optional Move 18,PSYCH_UP,RETURN,EARTHQUAKE,DOUBLE_TEAM,OMINOUS_WIND,SUNNY_DAY
Optional Move 19,,DIG,RETURN,SLUDGE_BOMB,NASTY_PLOT,HYPER_BEAM
Optional Move 20,,DOUBLE_TEAM,DIG,SANDSTORM,CALM_MIND,PROTECT
Optional Move 21,,FACADE,DOUBLE_TEAM,FACADE,TOXIC,RAIN_DANCE
Optional Move 22,,SECRET_POWER,SHOCK_WAVE,SECRET_POWER,HIDDEN_POWER,FRUSTRATION
Optional Move 23,,REST,SANDSTORM,REST,SUNNY_DAY,IRON_TAIL
Optional Move 24,,ATTRACT,AERIAL_ACE,ATTRACT,TAUNT,THUNDERBOLT
Optional Move 25,,ENDURE,FACADE,ENDURE,HYPER_BEAM,THUNDER
Optional Move 26,,GIGA_IMPACT,SECRET_POWER,GIGA_IMPACT,PROTECT,RETURN
Optional Move 27,,PSYCH_UP,REST,STONE_EDGE,RAIN_DANCE,DIG
Optional Move 28,,SLEEP_TALK,ATTRACT,STEALTH_ROCK,FRUSTRATION,SHADOW_BALL
Optional Move 29,,SUBSTITUTE,ENDURE,ROCK_SLIDE,THUNDERBOLT,DOUBLE_TEAM
Optional Move 30,,,SHADOW_CLAW,SLEEP_TALK,THUNDER,SHOCK_WAVE
Optional Move 31,,,ROCK_POLISH,SUBSTITUTE,RETURN,AERIAL_ACE
Optional Move 32,,,STONE_EDGE,,PSYCHIC,TORMENT
Optional Move 33,,,STEALTH_ROCK,,DOUBLE_TEAM,FACADE
Optional Move 34,,,CAPTIVATE,,SHOCK_WAVE,SECRET_POWER
Optional Move 35,,,SLEEP_TALK,,TORMENT,REST
Optional Move 36,,,NATURAL_GIFT,,FACADE,ATTRACT
Optional Move 37,,,SWAGGER,,SECRET_POWER,THIEF
Optional Move 38,,,SUBSTITUTE,,REST,SNATCH
Optional Move 39,,,,,ATTRACT,FALSE_SWIPE
Optional Move 40,,,,,THIEF,ENDURE
Optional Move 41,,,,,SKILL_SWAP,EMBARGO
Optional Move 42,,,,,SNATCH,SHADOW_CLAW
Optional Move 43,,,,,ENERGY_BALL,PAYBACK
Optional Move 44,,,,,CHARGE_BEAM,GIGA_IMPACT
Optional Move 45,,,,,ENDURE,FLASH
Optional Move 46,,,,,WILL_O_WISP,THUNDER_WAVE
Optional Move 47,,,,,EMBARGO,PSYCH_UP
Optional Move 48,,,,,GIGA_IMPACT,DARK_PULSE
Optional Move 49,,,,,FLASH,SLEEP_TALK
Optional Move 50,,,,,THUNDER_WAVE,NATURAL_GIFT
Optional Move 51,,,,,CAPTIVATE,DREAM_EATER
Optional Move 52,,,,,DARK_PULSE,SWAGGER
Optional Move 53,,,,,SLEEP_TALK,U_TURN
Optional Move 54,,,,,NATURAL_GIFT,SUBSTITUTE
Optional Move 55,,,,,DREAM_EATER,
Optional Move 56,,,,,GRASS_KNOT,
Optional Move 57,,,,,SWAGGER,
Optional Move 58,,,,,SUBSTITUTE,
Optional Move 59,,,,,TRICK_ROOM,
