Trainer 709,Pokemon 1,Pokemon 2,Pokemon 3,Pokemon 4,Pokemon 5,Pokemon 6
Species,COFAGRIGUS,DRIFBLIM,MAROWAK,DHELMISE,FROSLASS,NONE
Level,60,60,60,60,60,
Ability,MUMMY,AFTERMATH,CURSED_BODY,STEELWORKER,SNOW_CLOAK,
Held Item,NONE,NONE,NONE,NONE,NONE,
Move 1,SHADOW_BALL,SHADOW_BALL,SHADOW_BONE,ENERGY_BALL,SHADOW_BALL,
Move 2,DARK_PULSE,PHANTOM_FORCE,THRASH,ANCHOR_SHOT,CRUNCH,
Move 3,OMINOUS_WIND,HEX,STOMPING_TANTRUM,RAPID_SPIN,WAKE_UP_SLAP,
Move 4,HEX,GUST,FLARE_BLITZ,PHANTOM_FORCE,BLIZZARD,
Optional Move 1,SHADOW_CLAW,STRENGTH_SAP,MUD_SLAP,ABSORB,HEX,
Optional Move 2,SCARY_FACE,MINIMIZE,GROWL,SWITCHEROO,OMINOUS_WIND,
Optional Move 3,ASTONISH,ASTONISH,TAIL_WHIP,GROWTH,DESTINY_BOND,
Optional Move 4,PROTECT,FOCUS_ENERGY,FALSE_SWIPE,ASTONISH,PROTECT,
Optional Move 5,HAZE,CONSTRICT,BONE_CLUB,WRAP,BITE,
Optional Move 6,NIGHT_SHADE,PAYBACK,HEADBUTT,MEGA_DRAIN,ICE_FANG,
Optional Move 7,DISABLE,OMINOUS_WIND,LEER,GYRO_BALL,HEADBUTT,
Optional Move 8,WILL_O_WISP,STOCKPILE,RAGE,GIGA_DRAIN,POWDER_SNOW,
Optional Move 9,CRAFTY_SHIELD,SWALLOW,FLING,WHIRLPOOL,ASTONISH,
Optional Move 10,CURSE,SPIT_UP,FOCUS_ENERGY,METAL_SOUND,LEER,
Optional Move 11,MEAN_LOOK,SELF_DESTRUCT,BONEMERANG,SHADOW_BALL,DOUBLE_TEAM,
Optional Move 12,GRUDGE,DESTINY_BOND,RETALIATE,HEAVY_SLAM,ICE_SHARD,
Optional Move 13,POWER_SPLIT,BATON_PASS,ENDEAVOR,SLAM,ICY_WIND,
Optional Move 14,GUARD_SPLIT,AMNESIA,BONE_RUSH,TOXIC,DRAINING_KISS,
Optional Move 15,DESTINY_BOND,TAILWIND,DOUBLE_EDGE,HIDDEN_POWER,FROST_BREATH,
Optional Move 16,CALM_MIND,EXPLOSION,FOCUS_PUNCH,SUNNY_DAY,CONFUSE_RAY,
Optional Move 17,TOXIC,CALM_MIND,TOXIC,HYPER_BEAM,WILL_O_WISP,
Optional Move 18,HIDDEN_POWER,TOXIC,HIDDEN_POWER,PROTECT,CAPTIVATE,
Optional Move 19,HYPER_BEAM,HIDDEN_POWER,SUNNY_DAY,RAIN_DANCE,HAIL,
Optional Move 20,RAIN_DANCE,SUNNY_DAY,ICE_BEAM,FRUSTRATION,AURORA_VEIL,
Optional Move 21,SAFEGUARD,HYPER_BEAM,BLIZZARD,SOLAR_BEAM,WATER_PULSE,
Optional Move 22,FRUSTRATION,PROTECT,HYPER_BEAM,EARTHQUAKE,TOXIC,
Optional Move 23,RETURN,RAIN_DANCE,PROTECT,RETURN,HIDDEN_POWER,
Optional Move 24,PSYCHIC,FRUSTRATION,FRUSTRATION,BRICK_BREAK,TAUNT,
Optional Move 25,DOUBLE_TEAM,THUNDERBOLT,IRON_TAIL,DOUBLE_TEAM,ICE_BEAM,
Optional Move 26,SHOCK_WAVE,THUNDER,EARTHQUAKE,AERIAL_ACE,HYPER_BEAM,
Optional Move 27,FACADE,RETURN,RETURN,FACADE,LIGHT_SCREEN,
Optional Move 28,SECRET_POWER,PSYCHIC,DIG,SECRET_POWER,RAIN_DANCE,
Optional Move 29,REST,DOUBLE_TEAM,BRICK_BREAK,REST,SAFEGUARD,
Optional Move 30,ATTRACT,SHOCK_WAVE,DOUBLE_TEAM,THIEF,FRUSTRATION,
Optional Move 31,THIEF,AERIAL_ACE,FLAMETHROWER,BRINE,THUNDERBOLT,
Optional Move 32,SKILL_SWAP,FACADE,SANDSTORM,ENDURE,THUNDER,
Optional Move 33,ENERGY_BALL,SECRET_POWER,FIRE_BLAST,EMBARGO,RETURN,
Optional Move 34,ENDURE,REST,ROCK_TOMB,SHADOW_CLAW,PSYCHIC,
Optional Move 35,EMBARGO,ATTRACT,AERIAL_ACE,PAYBACK,REFLECT,
Optional Move 36,PAYBACK,THIEF,FACADE,GIGA_IMPACT,SHOCK_WAVE,
Optional Move 37,FLASH,SKILL_SWAP,SECRET_POWER,SWORDS_DANCE,TORMENT,
Optional Move 38,PSYCH_UP,FLING,REST,ROCK_SLIDE,FACADE,
Optional Move 39,SLEEP_TALK,ENDURE,ATTRACT,SLEEP_TALK,SECRET_POWER,
Optional Move 40,DREAM_EATER,WILL_O_WISP,THIEF,GRASS_KNOT,REST,
Optional Move 41,GRASS_KNOT,SILVER_WIND,FOCUS_BLAST,SWAGGER,ATTRACT,
Optional Move 42,SWAGGER,EMBARGO,ENDURE,SUBSTITUTE,SNATCH,
Optional Move 43,SUBSTITUTE,RECYCLE,GIGA_IMPACT,FLASH_CANNON,FLING,
Optional Move 44,TRICK_ROOM,GIGA_IMPACT,STONE_EDGE,,ENDURE,
Optional Move 45,,FLASH,SWORDS_DANCE,,EMBARGO,
Optional Move 46,,THUNDER_WAVE,STEALTH_ROCK,,PAYBACK,
Optional Move 47,,GYRO_BALL,CAPTIVATE,,GIGA_IMPACT,
Optional Move 48,,CAPTIVATE,ROCK_SLIDE,,FLASH,
Optional Move 49,,SLEEP_TALK,SLEEP_TALK,,AVALANCHE,
Optional Move 50,,NATURAL_GIFT,NATURAL_GIFT,,THUNDER_WAVE,
Optional Move 51,,DREAM_EATER,SWAGGER,,PSYCH_UP,
Optional Move 52,,SWAGGER,SUBSTITUTE,,SLEEP_TALK,
Optional Move 53,,SUBSTITUTE,,,NATURAL_GIFT,
Optional Move 54,,TRICK_ROOM,,,DREAM_EATER,
Optional Move 55,,,,,SWAGGER,
Optional Move 56,,,,,SUBSTITUTE,
