Trainer 818,Pokemon 1,Pokemon 2,Pokemon 3,Pokemon 4,Pokemon 5,Pokemon 6
Species,SCOLIPEDE,DRIFBLIM,PASSIMIAN,SHARPEDO,LURANTIS,HIPPOWDON
Level,72,72,72,72,72,72
Ability,POISON_POINT,AFTERMATH,RECEIVER,ROUGH_SKIN,LEAF_GUARD,SAND_STREAM
Held Item,NONE,NONE,NONE,NONE,NONE,NONE
Move 1,MEGAHORN,SHADOW_BALL,THRASH,LIQUIDATION,SOLAR_BLADE,EARTHQUAKE
Move 2,ROCK_CLIMB,PHANTOM_FORCE,BULK_UP,FOCUS_ENERGY,X_SCISSOR,CRUNCH
Move 3,STEAMROLLER,HEX,BEAT_UP,ICE_FANG,PETAL_BLIZZARD,SAND_ATTACK
Move 4,VENOSHOCK,GUST,ROCK_SMASH,CRUNCH,SUNNY_DAY,FIRE_FANG
Optional Move 1,BATON_PASS,STRENGTH_SAP,TACKLE,SLASH,NIGHT_SLASH,ICE_FANG
Optional Move 2,IRON_DEFENSE,MINIMIZE,LEER,NIGHT_SLASH,SOLAR_BEAM,THUNDER_FANG
Optional Move 3,POISON_STING,ASTONISH,FOCUS_ENERGY,AQUA_JET,DUAL_CHOP,TACKLE
Optional Move 4,DEFENSE_CURL,FOCUS_ENERGY,SCARY_FACE,LEER,LEAFAGE,BITE
Optional Move 5,ROLLOUT,CONSTRICT,TAKE_DOWN,POISON_FANG,FURY_CUTTER,YAWN
Optional Move 6,PROTECT,PAYBACK,BESTOW,FEINT,GROWTH,DIG
Optional Move 7,SCREECH,OMINOUS_WIND,FLING,BITE,INGRAIN,SAND_TOMB
Optional Move 8,PURSUIT,STOCKPILE,DOUBLE_EDGE,RAGE,RAZOR_LEAF,TAKE_DOWN
Optional Move 9,POISON_TAIL,SWALLOW,CLOSE_COMBAT,ASSURANCE,SLASH,SANDSTORM
Optional Move 10,BUG_BITE,SPIT_UP,REVERSAL,SCARY_FACE,SWEET_SCENT,ROAR
Optional Move 11,TAKE_DOWN,SELF_DESTRUCT,GIGA_IMPACT,SCREECH,SYNTHESIS,REST
Optional Move 12,AGILITY,DESTINY_BOND,FOCUS_PUNCH,SWAGGER,LEAF_BLADE,DOUBLE_EDGE
Optional Move 13,TOXIC,BATON_PASS,TOXIC,AGILITY,TOXIC,FISSURE
Optional Move 14,VENOM_DRENCH,AMNESIA,HIDDEN_POWER,SKULL_BASH,BULLET_SEED,SLACK_OFF
Optional Move 15,DOUBLE_EDGE,TAILWIND,SUNNY_DAY,TAKE_DOWN,HIDDEN_POWER,TOXIC
Optional Move 16,HIDDEN_POWER,EXPLOSION,TAUNT,TAUNT,HYPER_BEAM,HIDDEN_POWER
Optional Move 17,SUNNY_DAY,CALM_MIND,HYPER_BEAM,WATER_PULSE,PROTECT,SUNNY_DAY
Optional Move 18,HYPER_BEAM,TOXIC,PROTECT,ROAR,RAIN_DANCE,HYPER_BEAM
Optional Move 19,FRUSTRATION,HIDDEN_POWER,RAIN_DANCE,TOXIC,GIGA_DRAIN,PROTECT
Optional Move 20,SOLAR_BEAM,SUNNY_DAY,FRUSTRATION,HAIL,SAFEGUARD,FRUSTRATION
Optional Move 21,IRON_TAIL,HYPER_BEAM,IRON_TAIL,HIDDEN_POWER,FRUSTRATION,IRON_TAIL
Optional Move 22,EARTHQUAKE,PROTECT,EARTHQUAKE,ICE_BEAM,RETURN,RETURN
Optional Move 23,RETURN,RAIN_DANCE,RETURN,BLIZZARD,BRICK_BREAK,DOUBLE_TEAM
Optional Move 24,DIG,FRUSTRATION,SHADOW_BALL,HYPER_BEAM,DOUBLE_TEAM,ROCK_TOMB
Optional Move 25,DOUBLE_TEAM,THUNDERBOLT,BRICK_BREAK,PROTECT,FACADE,FACADE
Optional Move 26,SLUDGE_BOMB,THUNDER,DOUBLE_TEAM,RAIN_DANCE,SECRET_POWER,SECRET_POWER
Optional Move 27,ROCK_TOMB,RETURN,SHOCK_WAVE,FRUSTRATION,REST,ATTRACT
Optional Move 28,FACADE,PSYCHIC,ROCK_TOMB,EARTHQUAKE,ATTRACT,ENDURE
Optional Move 29,SECRET_POWER,DOUBLE_TEAM,AERIAL_ACE,RETURN,ENERGY_BALL,GIGA_IMPACT
Optional Move 30,REST,SHOCK_WAVE,FACADE,DOUBLE_TEAM,FALSE_SWIPE,STONE_EDGE
Optional Move 31,ATTRACT,AERIAL_ACE,SECRET_POWER,ROCK_TOMB,FLING,STEALTH_ROCK
Optional Move 32,SNATCH,FACADE,REST,TORMENT,ENDURE,CAPTIVATE
Optional Move 33,ENDURE,SECRET_POWER,ATTRACT,FACADE,PAYBACK,ROCK_SLIDE
Optional Move 34,PAYBACK,REST,THIEF,SECRET_POWER,GIGA_IMPACT,SLEEP_TALK
Optional Move 35,GIGA_IMPACT,ATTRACT,SNATCH,REST,SWORDS_DANCE,NATURAL_GIFT
Optional Move 36,GYRO_BALL,THIEF,FOCUS_BLAST,ATTRACT,SLEEP_TALK,SWAGGER
Optional Move 37,SWORDS_DANCE,SKILL_SWAP,ENERGY_BALL,THIEF,POISON_JAB,SUBSTITUTE
Optional Move 38,ROCK_SLIDE,FLING,ENDURE,BRINE,GRASS_KNOT,
Optional Move 39,X_SCISSOR,ENDURE,DRAIN_PUNCH,ENDURE,SWAGGER,
Optional Move 40,SLEEP_TALK,WILL_O_WISP,PAYBACK,PAYBACK,SUBSTITUTE,
Optional Move 41,POISON_JAB,SILVER_WIND,GYRO_BALL,GIGA_IMPACT,,
Optional Move 42,SWAGGER,EMBARGO,ROCK_SLIDE,AVALANCHE,,
Optional Move 43,SUBSTITUTE,RECYCLE,SLEEP_TALK,CAPTIVATE,,
Optional Move 44,,GIGA_IMPACT,GRASS_KNOT,DARK_PULSE,,
Optional Move 45,,FLASH,SWAGGER,SLEEP_TALK,,
Optional Move 46,,THUNDER_WAVE,U_TURN,NATURAL_GIFT,,
Optional Move 47,,GYRO_BALL,SUBSTITUTE,POISON_JAB,,
Optional Move 48,,CAPTIVATE,,SUBSTITUTE,,
Optional Move 49,,SLEEP_TALK,,,,
Optional Move 50,,NATURAL_GIFT,,,,
Optional Move 51,,DREAM_EATER,,,,
Optional Move 52,,SWAGGER,,,,
Optional Move 53,,SUBSTITUTE,,,,
Optional Move 54,,TRICK_ROOM,,,,
