Trainer 613,Pokemon 1,Pokemon 2,Pokemon 3,Pokemon 4,Pokemon 5,Pokemon 6
Species,GOLEM,RHYDON,DONPHAN,COALOSSAL,STEELIX,NONE
Level,55,55,55,55,55,
Ability,ROCK_HEAD,LIGHTNING_ROD,STURDY,STEAM_ENGINE,ROCK_HEAD,
Held Item,NONE,NONE,NONE,NONE,NONE,
Move 1,EARTHQUAKE,EARTHQUAKE,EARTHQUAKE,INCINERATE,STONE_EDGE,
Move 2,STONE_EDGE,STONE_EDGE,KNOCK_OFF,ANCIENT_POWER,ROCK_POLISH,
Move 3,ROCK_POLISH,SCARY_FACE,FIRE_FANG,SMACK_DOWN,DIG,
Move 4,STEAMROLLER,HAMMER_ARM,SLAM,ROCK_POLISH,IRON_TAIL,
Optional Move 1,HEAVY_SLAM,TACKLE,FURY_ATTACK,TAR_SHOT,CRUNCH,
Optional Move 2,TACKLE,TAIL_WHIP,THUNDER_FANG,FLAME_CHARGE,THUNDER_FANG,
Optional Move 3,DEFENSE_CURL,SMACK_DOWN,HORN_ATTACK,TACKLE,ICE_FANG,
Optional Move 4,MUD_SPORT,BULLDOZE,BULLDOZE,SMOKESCREEN,FIRE_FANG,
Optional Move 5,MAGNITUDE,HORN_DRILL,GROWL,RAPID_SPIN,TACKLE,
Optional Move 6,ROCK_THROW,HORN_ATTACK,DEFENSE_CURL,STEALTH_ROCK,HARDEN,
Optional Move 7,SMACK_DOWN,FURY_ATTACK,RAPID_SPIN,HEAT_CRASH,BIND,
Optional Move 8,BULLDOZE,STOMP,ROLLOUT,ROCK_BLAST,ROCK_THROW,
Optional Move 9,SELF_DESTRUCT,CHIP_AWAY,ASSURANCE,TOXIC,MUD_SPORT,
Optional Move 10,STEALTH_ROCK,ROCK_BLAST,MAGNITUDE,HIDDEN_POWER,CURSE,
Optional Move 11,ROCK_BLAST,DRILL_RUN,SCARY_FACE,SUNNY_DAY,ROCK_TOMB,
Optional Move 12,EXPLOSION,TAKE_DOWN,GIGA_IMPACT,HYPER_BEAM,SMACK_DOWN,
Optional Move 13,DOUBLE_EDGE,FOCUS_PUNCH,ROAR,PROTECT,AUTOTOMIZE,
Optional Move 14,FOCUS_PUNCH,ROAR,TOXIC,FRUSTRATION,RAGE,
Optional Move 15,ROAR,TOXIC,HIDDEN_POWER,SOLAR_BEAM,DRAGON_BREATH,
Optional Move 16,TOXIC,HIDDEN_POWER,SUNNY_DAY,EARTHQUAKE,GYRO_BALL,
Optional Move 17,HIDDEN_POWER,SUNNY_DAY,HYPER_BEAM,RETURN,STEALTH_ROCK,
Optional Move 18,SUNNY_DAY,ICE_BEAM,PROTECT,DIG,ROCK_SLIDE,
Optional Move 19,HYPER_BEAM,BLIZZARD,RAIN_DANCE,DOUBLE_TEAM,SCREECH,
Optional Move 20,PROTECT,HYPER_BEAM,FRUSTRATION,REFLECT,SAND_TOMB,
Optional Move 21,FRUSTRATION,PROTECT,IRON_TAIL,FLAMETHROWER,SLAM,
Optional Move 22,RETURN,RAIN_DANCE,RETURN,SANDSTORM,SANDSTORM,
Optional Move 23,DIG,FRUSTRATION,DIG,FIRE_BLAST,DOUBLE_EDGE,
Optional Move 24,BRICK_BREAK,IRON_TAIL,DOUBLE_TEAM,ROCK_TOMB,ROAR,
Optional Move 25,DOUBLE_TEAM,THUNDERBOLT,SANDSTORM,FACADE,TOXIC,
Optional Move 26,FLAMETHROWER,THUNDER,ROCK_TOMB,SECRET_POWER,HIDDEN_POWER,
Optional Move 27,SANDSTORM,RETURN,FACADE,REST,SUNNY_DAY,
Optional Move 28,FIRE_BLAST,DIG,SECRET_POWER,ATTRACT,TAUNT,
Optional Move 29,ROCK_TOMB,BRICK_BREAK,REST,OVERHEAT,HYPER_BEAM,
Optional Move 30,FACADE,DOUBLE_TEAM,ATTRACT,ENDURE,PROTECT,
Optional Move 31,SECRET_POWER,SHOCK_WAVE,THIEF,WILL_O_WISP,FRUSTRATION,
Optional Move 32,REST,FLAMETHROWER,ENDURE,GIGA_IMPACT,EARTHQUAKE,
Optional Move 33,ATTRACT,SANDSTORM,ROCK_POLISH,STONE_EDGE,RETURN,
Optional Move 34,FOCUS_BLAST,FIRE_BLAST,STONE_EDGE,GYRO_BALL,DOUBLE_TEAM,
Optional Move 35,FLING,ROCK_TOMB,GYRO_BALL,ROCK_SLIDE,TORMENT,
Optional Move 36,ENDURE,FACADE,STEALTH_ROCK,SLEEP_TALK,FACADE,
Optional Move 37,GIGA_IMPACT,SECRET_POWER,CAPTIVATE,SUBSTITUTE,SECRET_POWER,
Optional Move 38,GYRO_BALL,REST,ROCK_SLIDE,,REST,
Optional Move 39,CAPTIVATE,ATTRACT,SLEEP_TALK,,ATTRACT,
Optional Move 40,ROCK_SLIDE,THIEF,NATURAL_GIFT,,ENDURE,
Optional Move 41,SLEEP_TALK,FOCUS_BLAST,POISON_JAB,,DRAGON_PULSE,
Optional Move 42,NATURAL_GIFT,FLING,SWAGGER,,EXPLOSION,
Optional Move 43,SWAGGER,ENDURE,SUBSTITUTE,,PAYBACK,
Optional Move 44,SUBSTITUTE,DRAGON_PULSE,,,GIGA_IMPACT,
Optional Move 45,,SHADOW_CLAW,,,PSYCH_UP,
Optional Move 46,,PAYBACK,,,CAPTIVATE,
Optional Move 47,,GIGA_IMPACT,,,DARK_PULSE,
Optional Move 48,,ROCK_POLISH,,,SLEEP_TALK,
Optional Move 49,,AVALANCHE,,,NATURAL_GIFT,
Optional Move 50,,SWORDS_DANCE,,,SWAGGER,
Optional Move 51,,STEALTH_ROCK,,,SUBSTITUTE,
Optional Move 52,,CAPTIVATE,,,FLASH_CANNON,
Optional Move 53,,ROCK_SLIDE,,,,
Optional Move 54,,SLEEP_TALK,,,,
Optional Move 55,,NATURAL_GIFT,,,,
Optional Move 56,,POISON_JAB,,,,
Optional Move 57,,SWAGGER,,,,
Optional Move 58,,SUBSTITUTE,,,,
