BankId,Area,SurfRate,Slot1Species,Slot1Min,Slot1Max,Slot2Species,Slot2Min,Slot2Max,Slot3Species,Slot3Min,Slot3Max,Slot4Species,Slot4Min,Slot4Max,Slot5Species,Slot5Min,Slot5Max,HeadersUsed
0,ROUTE 1,15,TENTACOOL,2,3,DUCKLETT,2,4,SWANNA,2,4,DRAGALGE,3,5,TENTACRUEL,3,6,10;22
1,ROUTE 2 AREA 1,15,MAGIKARP,2,4,BARBOACH,3,5,PALPITOAD,3,5,WHISCASH,4,6,SEISMITOAD,4,7,23;30
2,ROUTE 2 AREA 2,15,BARBOACH,3,5,MAGIKARP,4,6,PALPITOAD,4,6,WHISCASH,5,7,SEISMITOAD,5,8,31
3,ROUTE 3 AREA 1,15,MAGIKARP,2,4,HORSEA,3,5,DEWGONG,3,5,LANTURN,4,6,CLAWITZER,4,7,39
4,ROUTE 3 AREA 2,15,CARVANHA,3,5,REMORAID,4,6,WHISCASH,4,6,DRAGALGE,5,7,WALREIN,5,8,40
5,NAVEL Generic,15,CARVANHA,4,6,MAGIKARP,5,7,SHARPEDO,5,7,JELLICENT,6,8,RELICANTH,6,9,32
6,NAVEL West,15,CORSOLA,4,6,MAGIKARP,5,7,JELLICENT,5,7,SHARPEDO,6,8,RELICANTH,6,9,33
7,NAVEL East,15,CARVANHA,4,6,FRILLISH,5,7,SHARPEDO,5,7,JELLICENT,6,8,RELICANTH,6,9,41
8,BLAZE FOREST,15,BARBOACH,4,6,MAGIKARP,5,7,PALPITOAD,5,7,WHISCASH,6,8,SEISMITOAD,6,9,43
9,Cave Generic 1,15,SHARPEDO,49,51,CORSOLA,50,52,JELLICENT,50,52,SHARPEDO,51,53,BASCULEGION,51,54,35;36;38;44;45;341
10,LOB FOREST 1,15,BARBOACH,5,7,MAGIKARP,6,8,WHISCASH,6,8,PALPITOAD,7,9,SEISMITOAD,7,10,47;259;263;264;265
11,LOB FOREST 2,15,BARBOACH,5,7,MAGIKARP,6,8,WHISCASH,6,8,PALPITOAD,7,9,SEISMITOAD,7,10,48;490
12,LOB FOREST 3,15,BARBOACH,5,7,MAGIKARP,6,8,WHISCASH,6,8,PALPITOAD,7,9,SEISMITOAD,7,10,49;492
13,LOB FOREST 4,15,MAGIKARP,5,7,BARBOACH,6,8,PALPITOAD,6,8,WHISCASH,7,9,SEISMITOAD,7,10,50;491
14,LOB FOREST 5,15,BARBOACH,6,8,MAGIKARP,7,9,WHISCASH,7,9,PALPITOAD,8,10,SEISMITOAD,8,11,51
15,LOB FOREST 6,15,MAGIKARP,6,8,BARBOACH,7,9,WHISCASH,7,9,PALPITOAD,8,10,SEISMITOAD,8,11,52
16,LOB FOREST 7,15,BARBOACH,6,8,MAGIKARP,7,9,WHISCASH,7,9,PALPITOAD,8,10,SEISMITOAD,8,11,53
17,LOB FOREST 8,15,MAGIKARP,6,8,BARBOACH,7,9,WHISCASH,7,9,PALPITOAD,8,10,SEISMITOAD,8,11,54;55
18,ROUTE 4,15,MAGIKARP,6,8,BARBOACH,7,9,PALPITOAD,7,9,WHISCASH,8,10,SEISMITOAD,8,11,56;81
19,ROUTE 5 AREA 1,15,MANTYKE,6,8,DUCKLETT,7,9,DRAGALGE,7,9,SWANNA,8,10,GYARADOS,8,11,78;83
20,ROUTE 5 AREA 2,15,WINGULL,7,9,MAREANIE,8,10,SWANNA,8,10,QWILFISH,9,11,TENTACRUEL,9,12,103
21,ROUTE 5 AREA 3,15,MAREANIE,8,10,DUCKLETT,9,11,MANTINE,9,11,PELIPPER,10,12,GYARADOS,10,13,106
22,ROUTE 5 AREA 4,15,DUCKLETT,8,10,SKRELP,9,11,MANTINE,9,11,PELIPPER,10,12,TOXAPEX,10,13,107;119
23,ROUTE 6 AREA 1,15,DUCKLETT,7,9,TENTACOOL,8,10,MANTINE,8,10,PELIPPER,9,11,GYARADOS,9,12,121
24,ROUTE 6 AREA 2,15,DUCKLETT,7,9,SKRELP,8,10,PELIPPER,8,10,CRAMORANT,9,11,GYARADOS,9,12,122;487
25,ROUTE 6 AREA 3,15,TENTACOOL,8,10,DUCKLETT,9,11,MANTINE,9,11,DRAGALGE,10,12,GYARADOS,10,13,123
26,ROUTE 6 AREA 4,15,MANTYKE,8,10,SKRELP,9,11,PELIPPER,9,11,QWILFISH,10,12,GYARADOS,10,13,124
27,SUB CAVE 1,15,MAGIKARP,8,10,FRILLISH,9,11,JELLICENT,9,11,SHARPEDO,10,12,RELICANTH,10,13,84
28,SUB CAVE 2,15,MAGIKARP,8,10,CORSOLA,9,11,SHARPEDO,9,11,JELLICENT,10,12,RELICANTH,10,13,7;85
29,SUB PATH 1,15,REMORAID,9,11,CORSOLA,10,12,LANTURN,10,12,SWANNA,11,13,WAILORD,11,14,86
30,SUB PATH 2,15,TYMPOLE,9,11,LUVDISC,10,12,TOXAPEX,10,12,RELICANTH,11,13,SEISMITOAD,11,14,87
31,SUB PATH 3,15,SEEL,9,11,CARVANHA,10,12,SEAKING,10,12,SHARPEDO,11,13,GYARADOS,11,14,88
32,SUB PATH 4,15,TYMPOLE,9,11,WAILMER,10,12,TATSUGIRI,10,12,RELICANTH,11,13,CLAWITZER,11,14,89
33,ROCK PASSAGE,15,CORSOLA,10,12,MAGIKARP,11,13,JELLICENT,11,13,SHARPEDO,12,14,RELICANTH,12,15,90
34,ICE PASSAGE,15,MAGIKARP,10,12,SPHEAL,11,13,DEWGONG,11,13,DEWGONG,12,14,WALREIN,12,15,91
35,STEEL PASSAGE,15,CORSOLA,10,12,MAGIKARP,11,13,JELLICENT,11,13,SHARPEDO,12,14,RELICANTH,12,15,92
36,SANSTONE CAVE,15,CARVANHA,10,12,FRILLISH,11,13,JELLICENT,11,13,SHARPEDO,12,14,RELICANTH,12,15,105
37,FISHERMAN,15,DUCKLETT,11,13,SKRELP,12,14,SEAKING,12,14,DEWGONG,13,15,WALREIN,13,16,
38,PALM TREE,15,TENTACOOL,14,16,SPHEAL,15,17,LANTURN,15,17,SHARPEDO,16,18,TENTACRUEL,16,19,
39,Cave Generic 2,15,MAGIKARP,11,13,CORSOLA,12,14,JELLICENT,12,14,SHARPEDO,13,15,RELICANTH,13,16,131;145;146
40,WAYDOWN CAVE,15,MAGIKARP,11,13,FRILLISH,12,14,JELLICENT,12,14,SHARPEDO,13,15,RELICANTH,13,16,147;148
41,ROUTE 7 AREA 1,15,MANTYKE,13,15,FRILLISH,14,16,SEAKING,14,16,TATSUGIRI,15,17,LAPRAS,15,18,129
42,ROUTE 7 AREA 2,15,PALPITOAD,13,15,FINNEON,14,16,PELIPPER,14,16,LANTURN,15,17,LAPRAS,15,18,130
43,ROUTE 7 AREA 3,15,REMORAID,14,16,PYUKUMUKU,15,17,CRAMORANT,15,17,BRUXISH,16,18,GYARADOS,16,19,134
44,ROUTE 7 AREA 4,15,CARVANHA,14,16,FRILLISH,15,17,ALOMOMOLA,15,17,WHISCASH,16,18,WAILORD,16,19,136
45,ROUTE 8 AREA 1,15,CARVANHA,15,17,WAILMER,16,18,RELICANTH,16,18,TOXAPEX,17,19,LAPRAS,17,20,150
46,ROUTE 8 AREA 2,15,CHINCHOU,15,17,FINNEON,16,18,OCTILLERY,16,18,SHARPEDO,17,19,GOLDUCK,17,20,151
47,ROUTE 8 AREA 3,15,DUCKLETT,17,19,MAREANIE,18,20,TOXAPEX,18,20,JELLICENT,19,21,GOLDUCK,19,22,161
48,ROUTE 8 AREA 4,15,PYUKUMUKU,17,19,FRILLISH,18,20,LUMINEON,18,20,TOXAPEX,19,21,CLAWITZER,19,22,162;486
49,VOLTIC CAVE 1,15,CORSOLA,17,19,FRILLISH,18,20,JELLICENT,18,20,SHARPEDO,19,21,RELICANTH,19,22,152
50,VOLTIC CAVE 2,15,CORSOLA,17,19,MAGIKARP,18,20,JELLICENT,18,20,SHARPEDO,19,21,RELICANTH,19,22,153
51,VOLTIC CAVE 3,15,FRILLISH,17,19,MAGIKARP,18,20,SHARPEDO,18,20,JELLICENT,19,21,RELICANTH,19,22,155
52,VOLTIC CAVE 4,15,CARVANHA,19,21,FRILLISH,20,22,JELLICENT,20,22,SHARPEDO,21,23,RELICANTH,21,24,156
53,VOLTIC CAVE 5,15,CARVANHA,19,21,FRILLISH,20,22,SHARPEDO,20,22,JELLICENT,21,23,RELICANTH,21,24,158
54,VOLTIC CAVE 6,15,MAGIKARP,19,21,CORSOLA,20,22,SHARPEDO,20,22,JELLICENT,21,23,RELICANTH,21,24,159
55,SYD FOREST 1,15,MAREANIE,20,22,SPHEAL,21,23,MANTINE,21,23,SEAKING,22,24,GOLDUCK,22,25,232
56,SYD FOREST 2,15,DUCKLETT,20,22,CHINCHOU,21,23,CRAMORANT,21,23,SEAKING,22,24,GOLDUCK,22,25,233
57,SYD FOREST 3,15,GOLDEEN,20,22,LUVDISC,21,23,LANTURN,21,23,SWANNA,22,24,CLAWITZER,22,25,234
58,SYD FOREST 4,15,SURSKIT,22,24,GOLDEEN,23,25,CRAMORANT,23,25,SEAKING,24,26,GOLDUCK,24,27,235
59,SYD FOREST 5,15,PYUKUMUKU,22,24,WAILMER,23,25,DEWGONG,23,25,JELLICENT,24,26,GOLDUCK,24,27,236
60,SYD FOREST 6,15,LUVDISC,22,24,SURSKIT,23,25,TOXAPEX,23,25,BRUXISH,24,26,WALREIN,24,27,237
61,SYD FOREST 7,15,PALPITOAD,23,25,SURSKIT,24,26,JELLICENT,24,26,SEALEO,25,27,LAPRAS,25,28,238
62,SYD FOREST 8,15,PALPITOAD,23,25,MAGIKARP,24,26,SEALEO,24,26,OCTILLERY,25,27,CLAWITZER,25,28,239
63,SYD FOREST 9,15,SKRELP,24,26,PALPITOAD,25,27,PALAFIN,25,27,RELICANTH,26,28,WALREIN,26,29,240
64,ROUTE 12 AREA 1,15,GOLDEEN,25,27,SEEL,26,28,CRAMORANT,26,28,TOXAPEX,27,29,TENTACRUEL,27,30,
65,ISLAND 1 AREA 1,15,SKRELP,23,25,TENTACOOL,24,26,PELIPPER,24,26,MANTINE,25,27,TOXAPEX,25,28,163
66,ISLAND 1 AREA 2,15,MAGIKARP,23,25,DUCKLETT,24,26,SWANNA,24,26,PELIPPER,25,27,TENTACRUEL,25,28,
67,ISLAND 1 AREA 3,15,MAREANIE,23,25,TENTACOOL,24,26,CRAMORANT,24,26,SWANNA,25,27,TENTACRUEL,25,28,
68,ISLAND 1 AREA 4,15,MAGIKARP,23,25,TENTACOOL,24,26,MANTINE,24,26,DRAGALGE,25,27,TENTACRUEL,25,28,
69,ISLAND 1 AREA 5,15,DUCKLETT,23,25,MANTYKE,24,26,CRAMORANT,24,26,PELIPPER,25,27,GYARADOS,25,28,
70,ISLAND 1 AREA 6,15,MAGIKARP,23,25,DUCKLETT,24,26,CRAMORANT,24,26,MANTINE,25,27,TENTACRUEL,25,28,
71,ISLAND 1 AREA 7,15,MANTYKE,23,25,TENTACOOL,24,26,DRAGALGE,24,26,PELIPPER,25,27,TENTACRUEL,25,28,
72,ISLAND 1 AREA 8,15,MANTYKE,23,25,MAREANIE,24,26,DRAGALGE,24,26,QWILFISH,25,27,GYARADOS,25,28,
73,Dark Cave 1,15,CARVANHA,25,27,CORSOLA,26,28,JELLICENT,26,28,SHARPEDO,27,29,RELICANTH,27,30,
74,Dark Cave 2,15,MAGIKARP,25,27,FRILLISH,26,28,SHARPEDO,26,28,JELLICENT,27,29,RELICANTH,27,30,
75,ISLAND CAVE AREA 1,15,SKRELP,25,27,PELIPPER,26,28,PELIPPER,26,28,QWILFISH,27,29,GYARADOS,27,30,
76,ISLAND CAVE AREA 2,15,SKRELP,25,27,MAGIKARP,26,28,CRAMORANT,26,28,SWANNA,27,29,TOXAPEX,27,30,
77,ISLAND CAVE AREA 3,15,SKRELP,25,27,MAGIKARP,26,28,PELIPPER,26,28,SWANNA,27,29,TOXAPEX,27,30,
78,ISLAND 2 AREA 1,15,SKRELP,25,27,DUCKLETT,26,28,QWILFISH,26,28,CRAMORANT,27,29,TOXAPEX,27,30,456
79,ISLAND 2 AREA 2,15,TENTACOOL,25,27,PELIPPER,26,28,PELIPPER,26,28,SWANNA,27,29,GYARADOS,27,30,462
80,ISLAND 2 AREA 3,15,SKRELP,25,27,TENTACOOL,26,28,QWILFISH,26,28,SWANNA,27,29,TOXAPEX,27,30,463
81,ISLAND 2 AREA 4,15,SKRELP,25,27,PELIPPER,26,28,PELIPPER,26,28,CRAMORANT,27,29,TOXAPEX,27,30,464
82,ISLAND 3 AREA 1,15,PELIPPER,27,29,SKRELP,28,30,CRAMORANT,28,30,SWANNA,29,31,TOXAPEX,29,32,
83,ISLAND 3 AREA 2,15,PELIPPER,27,29,MANTYKE,28,30,SWANNA,28,30,PELIPPER,29,31,TOXAPEX,29,32,
84,ISLAND 4 AREA 1,15,PELIPPER,27,29,MAREANIE,28,30,MANTINE,28,30,SWANNA,29,31,TENTACRUEL,29,32,
85,ISLAND 4 AREA 2,15,DUCKLETT,29,31,SKRELP,30,32,QWILFISH,30,32,DRAGALGE,31,33,TOXAPEX,31,34,
86,ISLAND 4 AREA 3,15,MANTYKE,27,29,PELIPPER,28,30,CRAMORANT,28,30,DRAGALGE,29,31,TOXAPEX,29,32,
87,ISLAND 5 AREA 1,15,TENTACRUEL,28,30,SKRELP,29,31,SWANNA,29,31,MANTINE,30,32,TENTACRUEL,30,33,460
88,ISLAND 5 AREA 2,15,DUCKLETT,28,30,PELIPPER,29,31,SWANNA,29,31,MANTINE,30,32,TOXAPEX,30,33,461
89,ISLAND 6 AREA 1,15,PELIPPER,36,38,TENTACRUEL,37,39,MANTINE,37,39,PELIPPER,38,40,TENTACRUEL,38,41,459
90,ISLAND 6 AREA 2,15,PELIPPER,36,38,MANTYKE,37,39,QWILFISH,37,39,MANTINE,38,40,TOXAPEX,38,41,
91,ISLAND 7 AREA 1,15,MAGIKARP,39,41,MANTYKE,40,42,DRAGALGE,40,42,CRAMORANT,41,43,GYARADOS,41,44,357;411;412
92,ISLAND 7 AREA 2,15,MAGIKARP,39,41,SKRELP,40,42,DRAGALGE,40,42,SWANNA,41,43,TOXAPEX,41,44,
93,ISLAND 7 AREA 3,15,SKRELP,39,41,TENTACRUEL,40,42,DRAGALGE,40,42,PELIPPER,41,43,GYARADOS,41,44,
94,ISLAND 7 AREA 4,15,SKRELP,39,41,TENTACRUEL,40,42,SWANNA,40,42,DRAGALGE,41,43,GYARADOS,41,44,
95,ISLAND 7 AREA 5,15,MAGIKARP,39,41,SWANNA,40,42,DRAGALGE,40,42,MANTINE,41,43,GYARADOS,41,44,
96,ISLAND 7 AREA 6,15,MANTYKE,39,41,TENTACRUEL,40,42,SWANNA,40,42,QWILFISH,41,43,TOXAPEX,41,44,
97,ISLAND 8 AREA 1,15,SWANNA,39,41,TOXAPEX,40,42,DRAGALGE,40,42,MANTINE,41,43,TENTACRUEL,41,44,
98,ISLAND 8 AREA 2,15,TOXAPEX,39,41,TENTACRUEL,40,42,QWILFISH,40,42,SWANNA,41,43,TOXAPEX,41,44,
99,ISLAND 9 AREA 1,15,SEALEO,39,41,SEALEO,40,42,DEWGONG,40,42,DEWGONG,41,43,LAPRAS,41,44,
100,ISLAND 9 AREA 2,15,SEALEO,39,41,MAGIKARP,40,42,DEWGONG,40,42,DEWGONG,41,43,WALREIN,41,44,
101,ISLAND 9 AREA 3,15,MAGIKARP,39,41,SEALEO,40,42,DEWGONG,40,42,DEWGONG,41,43,WALREIN,41,44,
102,ROUTE 9 AREA 1,15,CARVANHA,22,24,PALPITOAD,23,25,SHARPEDO,23,25,SEAKING,24,26,GOLDUCK,24,27,242
103,ROUTE 9 AREA 2,15,WAILMER,22,24,SURSKIT,23,25,DEWGONG,23,25,LANTURN,24,26,WAILORD,24,27,243
104,ROUTE 9 AREA 3,15,WINGULL,22,24,CORSOLA,23,25,SEAKING,23,25,WHISCASH,24,26,LAPRAS,24,27,244
105,ROUTE 9 AREA 4,15,HORSEA,22,24,SURSKIT,23,25,ALOMOMOLA,23,25,SEALEO,24,26,SEISMITOAD,24,27,246
106,ROUTE 9 AREA 5,15,MAREANIE,22,24,WISHIWASHI,23,25,SEAKING,23,25,MANTINE,24,26,WALREIN,24,27,247
107,ROUTE 10 AREA 1,15,CARVANHA,24,26,HORSEA,25,27,ALOMOMOLA,25,27,BRUXISH,26,28,SEISMITOAD,26,29,248
108,ROUTE 10 AREA 2,15,CHINCHOU,24,26,SURSKIT,25,27,WHISCASH,25,27,TOXAPEX,26,28,SEISMITOAD,26,29,249
109,ROUTE 10 AREA 3,15,FRILLISH,24,26,POLIWHIRL,25,27,ALOMOMOLA,25,27,SEAKING,26,28,GOLDUCK,26,29,250
110,ROUTE 11 AREA 1,15,MAREANIE,24,26,CLAUNCHER,25,27,PALAFIN,25,27,PELIPPER,26,28,GOLDUCK,26,29,221
111,ROUTE 11 AREA 2,15,BARBOACH,24,26,TENTACOOL,25,27,SHARPEDO,25,27,MANTINE,26,28,WAILORD,26,29,9;222
112,ROUTE 11 AREA 3,15,PYUKUMUKU,24,26,FRILLISH,25,27,SWANNA,25,27,TATSUGIRI,26,28,WALREIN,26,29,223;225
113,ROUTE 11 AREA 4,15,PALPITOAD,24,26,CLAUNCHER,25,27,QWILFISH,25,27,SEALEO,26,28,TENTACRUEL,26,29,224
114,ROUTE 12 AREA 2,15,PALPITOAD,27,29,PALPITOAD,28,30,LANTURN,28,30,DRAGALGE,29,31,LAPRAS,29,32,261
115,ROUTE 12 AREA 3,15,DUCKLETT,27,29,PYUKUMUKU,28,30,SEALEO,28,30,OCTILLERY,29,31,LAPRAS,29,32,262
116,ULURU 1 A 1,15,CARVANHA,27,29,MAGIKARP,28,30,JELLICENT,28,30,SHARPEDO,29,31,RELICANTH,29,32,268;269;275;297
117,ULURU 1 A 2,15,FRILLISH,27,29,CORSOLA,28,30,JELLICENT,28,30,SHARPEDO,29,31,RELICANTH,29,32,276
118,ULURU 1 A 3,15,FRILLISH,27,29,SHARPEDO,28,30,SHARPEDO,28,30,JELLICENT,29,31,RELICANTH,29,32,277
119,ROUTE 14 AREA 1,15,SPHEAL,29,31,MAGIKARP,30,32,DEWGONG,30,32,DEWGONG,31,33,WALREIN,31,34,278;279
120,ROUTE 14 AREA 2,15,SEALEO,29,31,SEALEO,30,32,DEWGONG,30,32,DEWGONG,31,33,LAPRAS,31,34,288
121,ROUTE 14 AREA 3,15,SEALEO,31,33,MAGIKARP,32,34,DEWGONG,32,34,DEWGONG,33,35,WALREIN,33,36,289
122,ROUTE 14 AREA 4,15,MAGIKARP,33,35,SEALEO,34,36,DEWGONG,34,36,DEWGONG,35,37,WALREIN,35,38,290
123,ROUTE 14 AREA 5,15,MAGIKARP,31,33,SEALEO,32,34,DEWGONG,32,34,DEWGONG,33,35,LAPRAS,33,36,286
124,ROUTE 14 AREA 6,15,MAGIKARP,31,33,SEALEO,32,34,DEWGONG,32,34,DEWGONG,33,35,WALREIN,33,36,287
125,FROZEN CAVE AREA 1,15,SEALEO,33,35,MAGIKARP,34,36,DEWGONG,34,36,DEWGONG,35,37,WALREIN,35,38,291;292
126,FROZEN CAVE AREA 2,15,MAGIKARP,33,35,SEALEO,34,36,DEWGONG,34,36,DEWGONG,35,37,WALREIN,35,38,293
127,RELIC CAVE AREA 1,15,MAGIKARP,29,31,SHARPEDO,30,32,JELLICENT,30,32,SHARPEDO,31,33,RELICANTH,31,34,294
128,RELIC CAVE AREA 2,15,CORSOLA,29,31,FRILLISH,30,32,SHARPEDO,30,32,JELLICENT,31,33,RELICANTH,31,34,295
129,RELIC CAVE AREA 3,15,MAGIKARP,29,31,CORSOLA,30,32,JELLICENT,30,32,SHARPEDO,31,33,RELICANTH,31,34,296
130,WILD AREA 1,15,PALPITOAD,31,33,MAREANIE,32,34,RELICANTH,32,34,LANTURN,33,35,TENTACRUEL,33,36,
131,WILD AREA 2,15,LUVDISC,31,33,CORSOLA,32,34,SWANNA,32,34,MANTINE,33,35,WAILORD,33,36,
132,WILD AREA 3,15,DUCKLETT,31,33,POLIWHIRL,32,34,DRAGALGE,32,34,MANTINE,33,35,WAILORD,33,36,
133,WILD AREA 4,15,LUVDISC,31,33,FRILLISH,32,34,TOXAPEX,32,34,CRAMORANT,33,35,LAPRAS,33,36,
134,WILD AREA 5,15,CORSOLA,31,33,MANTYKE,32,34,DEWGONG,32,34,DRAGALGE,33,35,GYARADOS,33,36,
135,WILD AREA 6,15,CORSOLA,31,33,PYUKUMUKU,32,34,WHISCASH,32,34,DEWGONG,33,35,SEISMITOAD,33,36,
136,WILD AREA 7,15,CLAUNCHER,31,33,DEWGONG,32,34,LANTURN,32,34,JELLICENT,33,35,WAILORD,33,36,
137,WILD AREA 8,15,PELIPPER,33,35,SEISMITOAD,34,36,TOXAPEX,34,36,JELLICENT,35,37,CLAWITZER,35,38,299
138,WILD AREA 9,15,SEALEO,33,35,LUVDISC,34,36,LUMINEON,34,36,SEALEO,35,37,CLAWITZER,35,38,
139,WILD AREA 10,15,PALPITOAD,31,33,POLIWHIRL,32,34,SEALEO,32,34,QWILFISH,33,35,CLAWITZER,33,36,
140,WILD AREA 11,15,DUCKLETT,31,33,SHARPEDO,32,34,LANTURN,32,34,PELIPPER,33,35,WALREIN,33,36,
141,WILD AREA 12,15,PALPITOAD,31,33,CLAUNCHER,32,34,CRAMORANT,32,34,PELIPPER,33,35,GOLDUCK,33,36,
142,WILD AREA 13,15,PALPITOAD,31,33,PELIPPER,32,34,SWANNA,32,34,JELLICENT,33,35,WAILORD,33,36,
143,WILD AREA 14,15,SKRELP,31,33,MANTYKE,32,34,TATSUGIRI,32,34,ALOMOMOLA,33,35,WALREIN,33,36,
144,ROUTE 19 AREA 1,15,POLIWHIRL,31,33,DEWGONG,32,34,SEAKING,32,34,CRAMORANT,33,35,WALREIN,33,36,312
145,ROUTE 19 AREA 2,15,WISHIWASHI,31,33,DUCKLETT,32,34,DEWGONG,32,34,SEALEO,33,35,GYARADOS,33,36,313
146,ROUTE 19 AREA 3,15,CLAUNCHER,31,33,DUCKLETT,32,34,PALAFIN,32,34,TOXAPEX,33,35,CLAWITZER,33,36,314
147,ULURU 2 A 1,15,CORSOLA,31,33,SHARPEDO,32,34,SHARPEDO,32,34,JELLICENT,33,35,RELICANTH,33,36,315
148,ULURU 2 A 2,15,FRILLISH,31,33,MAGIKARP,32,34,SHARPEDO,32,34,JELLICENT,33,35,RELICANTH,33,36,316
149,ROUTE 13 AREA 1,15,CLAUNCHER,33,35,WAILMER,34,36,LUMINEON,34,36,SWANNA,35,37,WALREIN,35,38,323
150,ROUTE 13 AREA 2,15,WHISCASH,33,35,SEALEO,34,36,QWILFISH,34,36,MANTINE,35,37,TENTACRUEL,35,38,321;322
151,ROUTE 13 AREA 3,15,FRILLISH,33,35,DEWGONG,34,36,LANTURN,34,36,ALOMOMOLA,35,37,CLAWITZER,35,38,317;318
152,ROUTE 13 AREA 4,15,PELIPPER,35,37,SEISMITOAD,36,38,SEAKING,36,38,TOXAPEX,37,39,LAPRAS,37,40,319;320
153,ULURU 3 A 1,15,CORSOLA,35,37,SHARPEDO,36,38,JELLICENT,36,38,SHARPEDO,37,39,RELICANTH,37,40,324
154,ULURU 3 A 2,15,MAGIKARP,37,39,CORSOLA,38,40,JELLICENT,38,40,SHARPEDO,39,41,RELICANTH,39,42,325
155,MT UNDARA 1,15,WISHIWASHI,35,37,SEAKING,36,38,ALOMOMOLA,36,38,SHARPEDO,37,39,WALREIN,37,40,326
156,MT UNDARA 2,15,CORSOLA,37,39,TOXAPEX,38,40,JELLICENT,38,40,SEAKING,39,41,SEISMITOAD,39,42,327
157,MT UNDARA 3,15,POLIWHIRL,37,39,WAILORD,38,40,DEWGONG,38,40,BRUXISH,39,41,WAILORD,39,42,328
158,MT UNDARA 4,15,SHARPEDO,37,39,SURSKIT,38,40,SHARPEDO,38,40,TOXAPEX,39,41,GYARADOS,39,42,330
159,MT UNDARA 5,15,DEWGONG,39,41,SEALEO,40,42,SHARPEDO,40,42,WHISCASH,41,43,LAPRAS,41,44,329
160,MT UNDARA 6,15,MANTYKE,39,41,SWANNA,40,42,ALOMOMOLA,40,42,MANTINE,41,43,SEISMITOAD,41,44,331
161,MT UNDARA 7,15,OCTILLERY,39,41,WISHIWASHI,40,42,BRUXISH,40,42,SHARPEDO,41,43,TENTACRUEL,41,44,332
162,MT UNDARA 8,15,OCTILLERY,39,41,SEISMITOAD,40,42,SWANNA,40,42,SEAKING,41,43,SEISMITOAD,41,44,333
163,PLUS PASSAGE,15,FRILLISH,35,37,MAGIKARP,36,38,JELLICENT,36,38,SHARPEDO,37,39,RELICANTH,37,40,
164,SHALLOW C 1,15,SKRELP,37,39,WAILORD,38,40,QWILFISH,38,40,PALAFIN,39,41,WALREIN,39,42,
165,SHALLOW C 2,15,SWANNA,37,39,POLIWHIRL,38,40,OCTILLERY,38,40,PALAFIN,39,41,GOLDUCK,39,42,
166,SHALLOW C 3,15,LANTURN,37,39,WHISCASH,38,40,LUMINEON,38,40,QWILFISH,39,41,LAPRAS,39,42,
167,ROUTE 15,15,OCTILLERY,37,39,SEAKING,38,40,ALOMOMOLA,38,40,PELIPPER,39,41,TENTACRUEL,39,42,
168,ROUTE 16 AREA 1,15,PYUKUMUKU,37,39,LANTURN,38,40,TOXAPEX,38,40,OCTILLERY,39,41,GYARADOS,39,42,
169,ROUTE 16 AREA 2,15,LANTURN,37,39,SEALEO,38,40,DRAGALGE,38,40,SEAKING,39,41,GOLDUCK,39,42,
170,ROUTE 16 AREA 3,15,LUMINEON,37,39,SEISMITOAD,38,40,PELIPPER,38,40,SEALEO,39,41,WAILORD,39,42,
171,ROUTE 16 AREA 4,15,SWANNA,37,39,TENTACRUEL,38,40,DRAGALGE,38,40,OCTILLERY,39,41,GOLDUCK,39,42,
172,ROUTE 16 AREA 5,15,CLAWITZER,37,39,SEADRA,38,40,BRUXISH,38,40,ALOMOMOLA,39,41,LAPRAS,39,42,
173,HAUNTED FOREST 1,15,SKRELP,40,42,LUVDISC,41,43,SHARPEDO,41,43,LUMINEON,42,44,WALREIN,42,45,
174,HAUNTED FOREST 2,15,POLIWHIRL,40,42,LUVDISC,41,43,PALAFIN,41,43,BRUXISH,42,44,GOLDUCK,42,45,
175,HAUNTED FOREST 3,15,SEALEO,40,42,PYUKUMUKU,41,43,LUMINEON,41,43,BRUXISH,42,44,TENTACRUEL,42,45,
176,HAUNTED FOREST 4,15,CORSOLA,40,42,SHARPEDO,41,43,PELIPPER,41,43,SWANNA,42,44,GYARADOS,42,45,
177,HAUNTED FOREST 5,15,SEADRA,40,42,POLIWHIRL,41,43,SEAKING,41,43,OCTILLERY,42,44,CLAWITZER,42,45,
178,HAUNTED MANSION 1,15,LUMINEON,43,45,SEADRA,44,46,MANTINE,44,46,SEAKING,45,47,GOLDUCK,45,48,
179,HAUNTED MANSION 2,15,SWANNA,43,45,WALREIN,44,46,PALAFIN,44,46,MANTINE,45,47,GYARADOS,45,48,
180,ROUTE 18 AREA 1,15,LUVDISC,43,45,MAGIKARP,44,46,SEAKING,44,46,ALOMOMOLA,45,47,GYARADOS,45,48,
181,ROUTE 18 AREA 2,15,PYUKUMUKU,43,45,DEWGONG,44,46,ALOMOMOLA,44,46,WALREIN,45,47,SEISMITOAD,45,48,
182,ROUTE 18 AREA 3,15,FRILLISH,43,45,SHARPEDO,44,46,JELLICENT,44,46,CRAMORANT,45,47,SEISMITOAD,45,48,
183,ROUTE 18 AREA 4,15,SEADRA,43,45,SURSKIT,44,46,WALREIN,44,46,TOXAPEX,45,47,GYARADOS,45,48,
184,CAVE 1,15,CORSOLA,45,47,FRILLISH,46,48,JELLICENT,46,48,SHARPEDO,47,49,RELICANTH,47,50,430
185,CAVE 2,15,MAGIKARP,45,47,FRILLISH,46,48,SHARPEDO,46,48,JELLICENT,47,49,RELICANTH,47,50,431
186,CAVE 3,15,SHARPEDO,45,47,FRILLISH,46,48,JELLICENT,46,48,SHARPEDO,47,49,RELICANTH,47,50,
187,ROUTE 17 AREA 1,15,WAILORD,43,45,PYUKUMUKU,44,46,SHARPEDO,44,46,TATSUGIRI,45,47,CLAWITZER,45,48,401;432
188,ROUTE 17 AREA 2,15,LANTURN,43,45,TENTACRUEL,44,46,DEWGONG,44,46,SHARPEDO,45,47,CLAWITZER,45,48,402
189,ROUTE 17 AREA 3,15,POLIWHIRL,43,45,WISHIWASHI,44,46,DRAGALGE,44,46,TATSUGIRI,45,47,GYARADOS,45,48,403
190,ROUTE 17 AREA 4,15,TOXAPEX,43,45,TENTACRUEL,44,46,BRUXISH,44,46,WALREIN,45,47,WALREIN,45,48,404
191,ROUTE 17 AREA 5,15,WALREIN,45,47,MAGIKARP,46,48,SEAKING,46,48,PELIPPER,47,49,WALREIN,47,50,405
192,ROUTE 17 AREA 6,15,DEWGONG,45,47,LUVDISC,46,48,LANTURN,46,48,TOXAPEX,47,49,WAILORD,47,50,406
193,ROUTE 17 AREA 7,15,WISHIWASHI,45,47,LUMINEON,46,48,SWANNA,46,48,RELICANTH,47,49,GYARADOS,47,50,407
194,ROUTE 17 AREA 8,15,TENTACRUEL,45,47,SEAKING,46,48,CRAMORANT,46,48,SHARPEDO,47,49,CLAWITZER,47,50,408
195,WILD AREA 15,15,PYUKUMUKU,44,46,SEISMITOAD,45,47,TATSUGIRI,45,47,BRUXISH,46,48,GOLDUCK,46,49,
196,WILD AREA 16,15,TENTACRUEL,44,46,SKRELP,45,47,ALOMOMOLA,45,47,SWANNA,46,48,GOLDUCK,46,49,
197,WILD AREA 17,15,OCTILLERY,44,46,TENTACRUEL,45,47,WALREIN,45,47,TOXAPEX,46,48,WAILORD,46,49,
198,WILD AREA 18,15,MAGIKARP,44,46,WALREIN,45,47,DEWGONG,45,47,DEWGONG,46,48,LAPRAS,46,49,
199,WILD AREA 19,15,WALREIN,44,46,MAGIKARP,45,47,DEWGONG,45,47,DEWGONG,46,48,WALREIN,46,49,
200,WILD AREA 20,15,MAGIKARP,44,46,WALREIN,45,47,DEWGONG,45,47,DEWGONG,46,48,LAPRAS,46,49,
201,WILD AREA 21,15,WALREIN,44,46,LUMINEON,45,47,LANTURN,45,47,CRAMORANT,46,48,WAILORD,46,49,
202,WILD AREA 22,15,WISHIWASHI,44,46,PELIPPER,45,47,TOXAPEX,45,47,TATSUGIRI,46,48,CLAWITZER,46,49,
203,WILD AREA 23,15,TOXAPEX,44,46,FRILLISH,45,47,LANTURN,45,47,PALAFIN,46,48,TENTACRUEL,46,49,
204,WILD AREA 24,15,WALREIN,44,46,WISHIWASHI,45,47,OCTILLERY,45,47,MANTINE,46,48,GOLDUCK,46,49,
205,WILD AREA 25,15,LUMINEON,44,46,POLIWHIRL,45,47,CRAMORANT,45,47,WHISCASH,46,48,GYARADOS,46,49,
206,WILD AREA 26,15,TENTACRUEL,44,46,MANTYKE,45,47,OCTILLERY,45,47,LUMINEON,46,48,WAILORD,46,49,
207,WILD AREA 27,15,WISHIWASHI,49,51,SEISMITOAD,50,52,DRAGALGE,50,52,PELIPPER,51,53,LAPRAS,51,54,
208,WILD AREA 28,15,SEISMITOAD,49,51,WISHIWASHI,50,52,QWILFISH,50,52,SEAKING,51,53,POLIWRATH,51,54,
209,WILD AREA 29,15,CLAMPERL,49,51,PELIPPER,50,52,TOXAPEX,50,52,SEADRA,51,53,SEISMITOAD,51,54,
210,WILD AREA 30,15,PELIPPER,49,51,SHELLDER,50,52,RELICANTH,50,52,SWANNA,51,53,BASCULEGION,51,54,
211,WILD AREA 31,15,TENTACRUEL,49,51,MANTYKE,50,52,LUMINEON,50,52,RELICANTH,51,53,POLIWRATH,51,54,
212,WILD AREA 32,15,SHELLDER,49,51,DEWGONG,50,52,OCTILLERY,50,52,PELIPPER,51,53,CLOYSTER,51,54,
213,ROUTE 20 AREA 1,15,PELIPPER,49,51,TOXAPEX,50,52,ALOMOMOLA,50,52,TATSUGIRI,51,53,LAPRAS,51,54,433
214,ROUTE 20 AREA 2,15,LUVDISC,49,51,LUMINEON,50,52,RELICANTH,50,52,SHARPEDO,51,53,KINGDRA,51,54,434
215,ROUTE 20 AREA 3,15,PYUKUMUKU,49,51,LANTURN,50,52,JELLICENT,50,52,LUMINEON,51,53,STARMIE,51,54,435
216,ROUTE 20 AREA 4,15,WAILORD,50,52,TOXAPEX,51,53,HUNTAIL,51,53,DEWGONG,52,54,KINGDRA,52,55,436
217,ROUTE 20 AREA 5,15,LANTURN,50,52,WISHIWASHI,51,53,ALOMOMOLA,51,53,HUNTAIL,52,54,POLITOED,52,55,437
218,ROUTE 20 AREA 6,15,TOXAPEX,50,52,LUMINEON,51,53,OCTILLERY,51,53,PELIPPER,52,54,POLITOED,52,55,438
219,ROUTE 20 AREA 7,15,SEAKING,50,52,SURSKIT,51,53,GOREBYSS,51,53,JELLICENT,52,54,BASCULEGION,52,55,439
220,ROUTE 20 AREA 8,15,SURSKIT,50,52,LUVDISC,51,53,MANTINE,51,53,HUNTAIL,52,54,CLOYSTER,52,55,440
221,ROUTE 20 AREA 9,15,LUMINEON,50,52,DEWGONG,51,53,OCTILLERY,51,53,DEWGONG,52,54,TENTACRUEL,52,55,441
222,ROUTE 20 AREA 10,15,WHISCASH,53,55,SEISMITOAD,54,56,PELIPPER,54,56,LANTURN,55,57,LAPRAS,55,58,442
223,ROUTE 20 AREA 11,15,PELIPPER,53,55,SEISMITOAD,54,56,TATSUGIRI,54,56,GOREBYSS,55,57,TENTACRUEL,55,58,443
224,ROUTE 20 AREA 12,15,WALREIN,53,55,STARYU,54,56,RELICANTH,54,56,WHISCASH,55,57,GYARADOS,55,58,444
225,ROUTE 20 AREA 13,15,SEISMITOAD,53,55,WHISCASH,54,56,SHARPEDO,54,56,WALREIN,55,57,WALREIN,55,58,445;446
226,WILD AREA 33,15,DRAGALGE,47,49,PYUKUMUKU,48,50,LUMINEON,48,50,ALOMOMOLA,49,51,LAPRAS,49,52,
227,WILD AREA 34,15,WHISCASH,47,49,LANTURN,48,50,TOXAPEX,48,50,SWANNA,49,51,GYARADOS,49,52,
228,WILD AREA 35,15,WISHIWASHI,47,49,WAILORD,48,50,SEAKING,48,50,SWANNA,49,51,CLAWITZER,49,52,
229,WILD AREA 36,15,SEADRA,51,53,DEWGONG,52,54,CRAMORANT,52,54,ALOMOMOLA,53,55,WAILORD,53,56,
230,WILD AREA 37,15,SHARPEDO,51,53,PELIPPER,52,54,MANTINE,52,54,CRAMORANT,53,55,WALREIN,53,56,
231,WILD AREA 38,15,WHISCASH,51,53,WAILORD,52,54,TOXAPEX,52,54,BASCULIN,53,55,STARMIE,53,56,
232,WILD AREA 39,15,WAILORD,51,53,TOXAPEX,52,54,OCTILLERY,52,54,LUMINEON,53,55,CLAWITZER,53,56,
233,WILD AREA 40,15,CLAMPERL,51,53,LUMINEON,52,54,HUNTAIL,52,54,OCTILLERY,53,55,GOLDUCK,53,56,
234,VICTORY ROAD AREA 1,15,SHARPEDO,54,56,CORSOLA,55,57,JELLICENT,55,57,SHARPEDO,56,58,RELICANTH,56,59,
235,VICTORY ROAD AREA 2,15,FRILLISH,54,56,MAGIKARP,55,57,JELLICENT,55,57,SHARPEDO,56,58,RELICANTH,56,59,
236,VICTORY ROAD AREA 3,15,SHARPEDO,67,69,FRILLISH,68,70,JELLICENT,68,70,SHARPEDO,69,71,RELICANTH,69,72,
237,VICTORY ROAD AREA 4,15,MAGIKARP,67,69,SHARPEDO,68,70,JELLICENT,68,70,SHARPEDO,69,71,RELICANTH,69,72,
238,VICTORY ROAD AREA 5,15,SHARPEDO,67,69,FRILLISH,68,70,JELLICENT,68,70,SHARPEDO,69,71,BASCULEGION,69,72,
239,VICTORY ROAD AREA 6,15,MAGIKARP,67,69,CORSOLA,68,70,JELLICENT,68,70,SHARPEDO,69,71,RELICANTH,69,72,
240,VICTORY ROAD AREA 7,15,CORSOLA,69,71,SHARPEDO,70,72,SHARPEDO,70,72,JELLICENT,71,73,BASCULEGION,71,74,
241,VICTORY ROAD AREA 8,15,SHARPEDO,69,71,CORSOLA,70,72,JELLICENT,70,72,SHARPEDO,71,73,RELICANTH,71,74,
242,VICTORY ROAD AREA 9,15,MAGIKARP,69,71,SHARPEDO,70,72,SHARPEDO,70,72,JELLICENT,71,73,BASCULEGION,71,74,
243,VICTORY ROAD AREA 10,15,MAGIKARP,69,71,FRILLISH,70,72,JELLICENT,70,72,SHARPEDO,71,73,RELICANTH,71,74,
244,VICTORY ROAD AREA 11,15,SHARPEDO,69,71,FRILLISH,70,72,SHARPEDO,70,72,JELLICENT,71,73,RELICANTH,71,74,
245,VICTORY ROAD AREA 12,15,SHARPEDO,69,71,CORSOLA,70,72,JELLICENT,70,72,SHARPEDO,71,73,BASCULEGION,71,74,
246,VICTORY ROAD AREA 13,15,FRILLISH,69,71,SHARPEDO,70,72,SHARPEDO,70,72,JELLICENT,71,73,BASCULEGION,71,74,
247,VICTORY ROAD AREA 14,15,FRILLISH,69,71,SHARPEDO,70,72,JELLICENT,70,72,SHARPEDO,71,73,RELICANTH,71,74,
248,VICTORY ROAD AREA 15,15,CORSOLA,69,71,MAGIKARP,70,72,SHARPEDO,70,72,JELLICENT,71,73,RELICANTH,71,74,
249,VICTORY ROAD AREA 16,15,SHARPEDO,69,71,MAGIKARP,70,72,JELLICENT,70,72,SHARPEDO,71,73,BASCULEGION,71,74,
250,VICTORY ROAD AREA 17,15,FRILLISH,69,71,MAGIKARP,70,72,JELLICENT,70,72,SHARPEDO,71,73,BASCULEGION,71,74,
251,VICTORY ROAD AREA 18,15,SHARPEDO,69,71,CORSOLA,70,72,JELLICENT,70,72,SHARPEDO,71,73,BASCULEGION,71,74,
252,VICTORY ROAD AREA 19,15,SHARPEDO,69,71,FRILLISH,70,72,JELLICENT,70,72,SHARPEDO,71,73,BASCULEGION,71,74,
253,AREA_253,15,WHISCASH,64,66,DRAGALGE,65,67,SEAKING,65,67,BRUXISH,66,68,POLIWRATH,66,69,
254,AREA_254,15,FRILLISH,64,66,STARYU,65,67,SEADRA,65,67,SEAKING,66,68,CLAWITZER,66,69,
255,AREA_255,15,CLAMPERL,64,66,SEAKING,65,67,SEAKING,65,67,DEWGONG,66,68,GYARADOS,66,69,0;1;2;3;4;5;6;8;11;12;13;14;15;16;17;18;19;20;21;24;25;26;27;28;29;34;37;42;46;57;58;59;60;61;62;63;64;65;66;67;68;69;70;71;72;73;74;75;76;77;79;80;82;93;94;95;96;97;98;99;100;101;102;104;108;109;110;111;112;113;114;115;116;117;118;120;125;126;127;128;132;133;135;137;138;139;140;141;142;143;144;149;154;157;160;164;165;166;167;168;169;170;171;172;173;174;175;176;177;178;179;180;181;182;183;184;185;186;187;188;189;190;191;192;193;194;195;196;197;198;199;200;201;202;203;204;205;206;207;208;209;210;211;212;213;214;215;216;217;218;219;220;226;227;228;229;230;231;241;245;251;252;253;254;255;256;257;258;260;266;267;270;271;272;273;274;280;281;282;283;284;285;298;300;301;302;303;304;305;306;307;308;309;310;311;334;335;336;337;338;339;340;342;343;344;345;346;347;348;349;350;351;352;353;354;355;356;358;359;360;361;362;363;364;365;366;367;368;369;370;371;372;373;374;375;376;377;378;379;380;381;382;383;384;385;386;387;388;389;390;391;392;393;394;395;396;397;398;399;400;409;410;413;414;415;416;417;418;419;420;421;422;423;424;425;426;427;428;429;447;448;449;450;451;452;453;454;455;457;458;465;466;467;468;469;470;471;472;473;474;475;476;477;478;479;480;481;482;483;484;485;488;489;493;494;495;496;497;498;499;500;501;502;503;504;505;506;507;508;509;510;511;512;513;514;515;516;517;518;519;520;521;522;523;524;525;526;527;528;529;530;531;532;533;534;535;536;537;538;539;540;541;542;543;544;545
