Trainer 933,Pokemon 1,Pokemon 2,Pokemon 3,Pokemon 4,Pokemon 5,Pokemon 6
Species,TERAPAGOS,ETERNATUS,RAYQUAZA,ZYGARDE,MEW,ARCEUS
Level,90,90,90,90,90,90
Ability,TERA_SHIFT,PRESSURE,AIR_LOCK,AURA_BREAK,SYNCHRONIZE,MULTITYPE
Held Item,NONE,NONE,NONE,NONE,NONE,NONE
Move 1,TERA_STARSTORM,ETERNABEAM,DRAGON_ASCENT,OUTRAGE,AURA_SPHERE,HYPER_VOICE
Move 2,EARTH_POWER,DYNAMAX_CANNON,OUTRAGE,CORE_ENFORCER,AMNESIA,FUTURE_SIGHT
Move 3,TRI_ATTACK,FLAMETHROWER,DRAGON_DANCE,DRAGON_PULSE,ANCIENT_POWER,COSMIC_POWER
Move 4,ROCK_POLISH,CROSS_POISON,DRAGON_PULSE,EARTHQUAKE,NASTY_PLOT,EARTH_POWER
Optional Move 1,RAPID_SPIN,POISON_TAIL,TWISTER,THOUSAND_ARROWS,POUND,SEISMIC_TOSS
Optional Move 2,WITHDRAW,CONFUSE_RAY,ANCIENT_POWER,THOUSAND_WAVES,REFLECT_TYPE,NATURAL_GIFT
Optional Move 3,ANCIENT_POWER,DRAGON_TAIL,AIR_SLASH,BIND,BATON_PASS,PUNISHMENT
Optional Move 4,HEADBUTT,AGILITY,SCARY_FACE,BULLDOZE,LIFE_DEW,GRAVITY
Optional Move 5,PROTECT,TOXIC,CRUNCH,DRAGON_BREATH,METRONOME,EXTREME_SPEED
Optional Move 6,HEAVY_SLAM,VENOSHOCK,EXTREME_SPEED,BITE,IMPRISON,REFRESH
Optional Move 7,DOUBLE_EDGE,DRAGON_DANCE,REST,GLARE,TRANSFORM,RECOVER
Optional Move 8,GYRO_BALL,DRAGON_PULSE,HYPER_VOICE,DIG,FOCUS_PUNCH,HYPER_BEAM
Optional Move 9,WATER_PULSE,COSMIC_POWER,FLY,SAFEGUARD,DRAGON_CLAW,PERISH_SONG
Optional Move 10,CALM_MIND,RECOVER,HURRICANE,HAZE,WATER_PULSE,DRAGON_CLAW
Optional Move 11,ROAR,HYPER_BEAM,HYPER_BEAM,LANDS_WRATH,CALM_MIND,WATER_PULSE
Optional Move 12,TOXIC,HIDDEN_POWER,DRAGON_CLAW,CRUNCH,ROAR,CALM_MIND
Optional Move 13,HIDDEN_POWER,SUNNY_DAY,ROAR,SANDSTORM,TOXIC,ROAR
Optional Move 14,SUNNY_DAY,PROTECT,TOXIC,CAMOUFLAGE,HAIL,TOXIC
Optional Move 15,ICE_BEAM,RAIN_DANCE,BULK_UP,COIL,BULK_UP,HAIL
Optional Move 16,HYPER_BEAM,FRUSTRATION,HIDDEN_POWER,TOXIC,BULLET_SEED,BULK_UP
Optional Move 17,RAIN_DANCE,SOLAR_BEAM,SUNNY_DAY,HIDDEN_POWER,HIDDEN_POWER,BULLET_SEED
Optional Move 18,FRUSTRATION,RETURN,ICE_BEAM,SUNNY_DAY,SUNNY_DAY,HIDDEN_POWER
Optional Move 19,SOLAR_BEAM,SHADOW_BALL,BLIZZARD,HYPER_BEAM,TAUNT,SUNNY_DAY
Optional Move 20,THUNDERBOLT,DOUBLE_TEAM,PROTECT,PROTECT,ICE_BEAM,TAUNT
Optional Move 21,THUNDER,REFLECT,RAIN_DANCE,FRUSTRATION,BLIZZARD,ICE_BEAM
Optional Move 22,EARTHQUAKE,SLUDGE_BOMB,FRUSTRATION,IRON_TAIL,HYPER_BEAM,BLIZZARD
Optional Move 23,RETURN,FIRE_BLAST,SOLAR_BEAM,RETURN,LIGHT_SCREEN,LIGHT_SCREEN
Optional Move 24,DOUBLE_TEAM,FACADE,IRON_TAIL,BRICK_BREAK,PROTECT,PROTECT
Optional Move 25,FLAMETHROWER,SECRET_POWER,THUNDERBOLT,DOUBLE_TEAM,RAIN_DANCE,RAIN_DANCE
Optional Move 26,FACADE,REST,THUNDER,SHOCK_WAVE,GIGA_DRAIN,GIGA_DRAIN
Optional Move 27,SECRET_POWER,ENDURE,EARTHQUAKE,FACADE,SAFEGUARD,SAFEGUARD
Optional Move 28,REST,PAYBACK,RETURN,SECRET_POWER,FRUSTRATION,FRUSTRATION
Optional Move 29,ATTRACT,GIGA_IMPACT,BRICK_BREAK,REST,SOLAR_BEAM,SOLAR_BEAM
Optional Move 30,ENERGY_BALL,SLEEP_TALK,DOUBLE_TEAM,FOCUS_BLAST,IRON_TAIL,IRON_TAIL
Optional Move 31,ENDURE,POISON_JAB,SHOCK_WAVE,ENDURE,THUNDERBOLT,THUNDERBOLT
Optional Move 32,DRAGON_PULSE,SUBSTITUTE,FLAMETHROWER,PAYBACK,THUNDER,THUNDER
Optional Move 33,GIGA_IMPACT,FLASH_CANNON,SANDSTORM,GIGA_IMPACT,EARTHQUAKE,EARTHQUAKE
Optional Move 34,STONE_EDGE,,FIRE_BLAST,STONE_EDGE,RETURN,RETURN
Optional Move 35,STEALTH_ROCK,,ROCK_TOMB,ROCK_SLIDE,DIG,PSYCHIC
Optional Move 36,DARK_PULSE,,AERIAL_ACE,SLEEP_TALK,SHADOW_BALL,SHADOW_BALL
Optional Move 37,ROCK_SLIDE,,FACADE,GRASS_KNOT,BRICK_BREAK,BRICK_BREAK
Optional Move 38,SLEEP_TALK,,SECRET_POWER,SWAGGER,DOUBLE_TEAM,DOUBLE_TEAM
Optional Move 39,SUBSTITUTE,,OVERHEAT,SUBSTITUTE,REFLECT,REFLECT
Optional Move 40,FLASH_CANNON,,FOCUS_BLAST,,SHOCK_WAVE,SHOCK_WAVE
Optional Move 41,,,ENERGY_BALL,,FLAMETHROWER,FLAMETHROWER
Optional Move 42,,,FLING,,SLUDGE_BOMB,SLUDGE_BOMB
Optional Move 43,,,ENDURE,,SANDSTORM,SANDSTORM
Optional Move 44,,,SHADOW_CLAW,,FIRE_BLAST,FIRE_BLAST
Optional Move 45,,,GIGA_IMPACT,,ROCK_TOMB,ROCK_TOMB
Optional Move 46,,,STONE_EDGE,,AERIAL_ACE,FACADE
Optional Move 47,,,AVALANCHE,,TORMENT,SECRET_POWER
Optional Move 48,,,THUNDER_WAVE,,FACADE,REST
Optional Move 49,,,GYRO_BALL,,SECRET_POWER,OVERHEAT
Optional Move 50,,,SWORDS_DANCE,,REST,FOCUS_BLAST
Optional Move 51,,,STEALTH_ROCK,,ATTRACT,ENERGY_BALL
Optional Move 52,,,ROCK_SLIDE,,THIEF,BRINE
Optional Move 53,,,SLEEP_TALK,,STEEL_WING,CHARGE_BEAM
Optional Move 54,,,NATURAL_GIFT,,SKILL_SWAP,ENDURE
Optional Move 55,,,SWAGGER,,SNATCH,DRAGON_PULSE
Optional Move 56,,,SUBSTITUTE,,OVERHEAT,WILL_O_WISP
Optional Move 57,,,,,ROOST,SILVER_WIND
Optional Move 58,,,,,FOCUS_BLAST,SHADOW_CLAW
Optional Move 59,,,,,ENERGY_BALL,PAYBACK
Optional Move 60,,,,,FALSE_SWIPE,RECYCLE
Optional Move 61,,,,,BRINE,GIGA_IMPACT
Optional Move 62,,,,,FLING,FLASH
Optional Move 63,,,,,CHARGE_BEAM,STONE_EDGE
Optional Move 64,,,,,ENDURE,AVALANCHE
Optional Move 65,,,,,DRAGON_PULSE,THUNDER_WAVE
Optional Move 66,,,,,DRAIN_PUNCH,SWORDS_DANCE
Optional Move 67,,,,,WILL_O_WISP,STEALTH_ROCK
Optional Move 68,,,,,SILVER_WIND,PSYCH_UP
Optional Move 69,,,,,EMBARGO,DARK_PULSE
Optional Move 70,,,,,EXPLOSION,ROCK_SLIDE
Optional Move 71,,,,,SHADOW_CLAW,X_SCISSOR
Optional Move 72,,,,,PAYBACK,SLEEP_TALK
Optional Move 73,,,,,RECYCLE,POISON_JAB
Optional Move 74,,,,,GIGA_IMPACT,DREAM_EATER
Optional Move 75,,,,,ROCK_POLISH,GRASS_KNOT
Optional Move 76,,,,,FLASH,SWAGGER
Optional Move 77,,,,,STONE_EDGE,SUBSTITUTE
Optional Move 78,,,,,AVALANCHE,FLASH_CANNON
Optional Move 79,,,,,THUNDER_WAVE,TRICK_ROOM
Optional Move 80,,,,,GYRO_BALL,
Optional Move 81,,,,,SWORDS_DANCE,
Optional Move 82,,,,,STEALTH_ROCK,
Optional Move 83,,,,,PSYCH_UP,
Optional Move 84,,,,,CAPTIVATE,
Optional Move 85,,,,,DARK_PULSE,
Optional Move 86,,,,,ROCK_SLIDE,
Optional Move 87,,,,,X_SCISSOR,
Optional Move 88,,,,,SLEEP_TALK,
Optional Move 89,,,,,NATURAL_GIFT,
Optional Move 90,,,,,POISON_JAB,
Optional Move 91,,,,,DREAM_EATER,
Optional Move 92,,,,,GRASS_KNOT,
Optional Move 93,,,,,SWAGGER,
Optional Move 94,,,,,PLUCK,
Optional Move 95,,,,,U_TURN,
Optional Move 96,,,,,SUBSTITUTE,
Optional Move 97,,,,,FLASH_CANNON,
Optional Move 98,,,,,TRICK_ROOM,
